key,link,link,link,link,link,link
001,http://www.thedesignwork.com/wp-content/uploads/2011/10/Random-Pictures-of-Conceptual-and-Creative-Ideas-02.jpg,http://www.thedesignwork.com/wp-content/uploads/2011/10/Random-Pictures-of-Conceptual-and-Creative-Ideas-02.jpg,http://www.thedesignwork.com/wp-content/uploads/2011/10/Random-Pictures-of-Conceptual-and-Creative-Ideas-02.jpg,http://www.thedesignwork.com/wp-content/uploads/2011/10/Random-Pictures-of-Conceptual-and-Creative-Ideas-02.jpg,http://www.thedesignwork.com/wp-content/uploads/2011/10/Random-Pictures-of-Conceptual-and-Creative-Ideas-02.jpg,http://www.thedesignwork.com/wp-content/uploads/2011/10/Random-Pictures-of-Conceptual-and-Creative-Ideas-02.jpg
002,http://www.thedesignwork.com/wp-content/uploads/2011/10/Random-Pictures-of-Conceptual-and-Creative-Ideas-02.jpg,http://www.thedesignwork.com/wp-content/uploads/2011/10/Random-Pictures-of-Conceptual-and-Creative-Ideas-02.jpg,http://www.thedesignwork.com/wp-content/uploads/2011/10/Random-Pictures-of-Conceptual-and-Creative-Ideas-02.jpg,http://www.thedesignwork.com/wp-content/uploads/2011/10/Random-Pictures-of-Conceptual-and-Creative-Ideas-02.jpg,http://www.thedesignwork.com/wp-content/uploads/2011/10/Random-Pictures-of-Conceptual-and-Creative-Ideas-02.jpg,http://www.thedesignwork.com/wp-content/uploads/2011/10/Random-Pictures-of-Conceptual-and-Creative-Ideas-02.jpg
003,http://www.thedesignwork.com/wp-content/uploads/2011/10/Random-Pictures-of-Conceptual-and-Creative-Ideas-02.jpg,http://www.thedesignwork.com/wp-content/uploads/2011/10/Random-Pictures-of-Conceptual-and-Creative-Ideas-02.jpg,http://www.thedesignwork.com/wp-content/uploads/2011/10/Random-Pictures-of-Conceptual-and-Creative-Ideas-02.jpg,http://www.thedesignwork.com/wp-content/uploads/2011/10/Random-Pictures-of-Conceptual-and-Creative-Ideas-02.jpg,http://www.thedesignwork.com/wp-content/uploads/2011/10/Random-Pictures-of-Conceptual-and-Creative-Ideas-02.jpg,http://www.thedesignwork.com/wp-content/uploads/2011/10/Random-Pictures-of-Conceptual-and-Creative-Ideas-02.jpg
004,http://www.thedesignwork.com/wp-content/uploads/2011/10/Random-Pictures-of-Conceptual-and-Creative-Ideas-02.jpg,http://www.thedesignwork.com/wp-content/uploads/2011/10/Random-Pictures-of-Conceptual-and-Creative-Ideas-02.jpg,http://www.thedesignwork.com/wp-content/uploads/2011/10/Random-Pictures-of-Conceptual-and-Creative-Ideas-02.jpg,http://www.thedesignwork.com/wp-content/uploads/2011/10/Random-Pictures-of-Conceptual-and-Creative-Ideas-02.jpg,http://www.thedesignwork.com/wp-content/uploads/2011/10/Random-Pictures-of-Conceptual-and-Creative-Ideas-02.jpg,http://www.thedesignwork.com/wp-content/uploads/2011/10/Random-Pictures-of-Conceptual-and-Creative-Ideas-02.jpg
005,http://www.thedesignwork.com/wp-content/uploads/2011/10/Random-Pictures-of-Conceptual-and-Creative-Ideas-02.jpg,http://www.thedesignwork.com/wp-content/uploads/2011/10/Random-Pictures-of-Conceptual-and-Creative-Ideas-02.jpg,http://www.thedesignwork.com/wp-content/uploads/2011/10/Random-Pictures-of-Conceptual-and-Creative-Ideas-02.jpg,http://www.thedesignwork.com/wp-content/uploads/2011/10/Random-Pictures-of-Conceptual-and-Creative-Ideas-02.jpg,http://www.thedesignwork.com/wp-content/uploads/2011/10/Random-Pictures-of-Conceptual-and-Creative-Ideas-02.jpg,http://www.thedesignwork.com/wp-content/uploads/2011/10/Random-Pictures-of-Conceptual-and-Creative-Ideas-02.jpg
006,http://www.thedesignwork.com/wp-content/uploads/2011/10/Random-Pictures-of-Conceptual-and-Creative-Ideas-02.jpg,http://www.thedesignwork.com/wp-content/uploads/2011/10/Random-Pictures-of-Conceptual-and-Creative-Ideas-02.jpg,http://www.thedesignwork.com/wp-content/uploads/2011/10/Random-Pictures-of-Conceptual-and-Creative-Ideas-02.jpg,http://www.thedesignwork.com/wp-content/uploads/2011/10/Random-Pictures-of-Conceptual-and-Creative-Ideas-02.jpg,http://www.thedesignwork.com/wp-content/uploads/2011/10/Random-Pictures-of-Conceptual-and-Creative-Ideas-02.jpg,http://www.thedesignwork.com/wp-content/uploads/2011/10/Random-Pictures-of-Conceptual-and-Creative-Ideas-02.jpg
007,http://www.thedesignwork.com/wp-content/uploads/2011/10/Random-Pictures-of-Conceptual-and-Creative-Ideas-02.jpg,http://www.thedesignwork.com/wp-content/uploads/2011/10/Random-Pictures-of-Conceptual-and-Creative-Ideas-02.jpg,http://www.thedesignwork.com/wp-content/uploads/2011/10/Random-Pictures-of-Conceptual-and-Creative-Ideas-02.jpg,http://www.thedesignwork.com/wp-content/uploads/2011/10/Random-Pictures-of-Conceptual-and-Creative-Ideas-02.jpg,http://www.thedesignwork.com/wp-content/uploads/2011/10/Random-Pictures-of-Conceptual-and-Creative-Ideas-02.jpg,http://www.thedesignwork.com/wp-content/uploads/2011/10/Random-Pictures-of-Conceptual-and-Creative-Ideas-02.jpg
008,http://www.thedesignwork.com/wp-content/uploads/2011/10/Random-Pictures-of-Conceptual-and-Creative-Ideas-02.jpg,http://www.thedesignwork.com/wp-content/uploads/2011/10/Random-Pictures-of-Conceptual-and-Creative-Ideas-02.jpg,http://www.thedesignwork.com/wp-content/uploads/2011/10/Random-Pictures-of-Conceptual-and-Creative-Ideas-02.jpg,http://www.thedesignwork.com/wp-content/uploads/2011/10/Random-Pictures-of-Conceptual-and-Creative-Ideas-02.jpg,http://www.thedesignwork.com/wp-content/uploads/2011/10/Random-Pictures-of-Conceptual-and-Creative-Ideas-02.jpg,http://www.thedesignwork.com/wp-content/uploads/2011/10/Random-Pictures-of-Conceptual-and-Creative-Ideas-02.jpg
009,http://www.thedesignwork.com/wp-content/uploads/2011/10/Random-Pictures-of-Conceptual-and-Creative-Ideas-02.jpg,http://www.thedesignwork.com/wp-content/uploads/2011/10/Random-Pictures-of-Conceptual-and-Creative-Ideas-02.jpg,http://www.thedesignwork.com/wp-content/uploads/2011/10/Random-Pictures-of-Conceptual-and-Creative-Ideas-02.jpg,http://www.thedesignwork.com/wp-content/uploads/2011/10/Random-Pictures-of-Conceptual-and-Creative-Ideas-02.jpg,http://www.thedesignwork.com/wp-content/uploads/2011/10/Random-Pictures-of-Conceptual-and-Creative-Ideas-02.jpg,http://www.thedesignwork.com/wp-content/uploads/2011/10/Random-Pictures-of-Conceptual-and-Creative-Ideas-02.jpg
010,http://www.thedesignwork.com/wp-content/uploads/2011/10/Random-Pictures-of-Conceptual-and-Creative-Ideas-02.jpg,http://www.thedesignwork.com/wp-content/uploads/2011/10/Random-Pictures-of-Conceptual-and-Creative-Ideas-02.jpg,http://www.thedesignwork.com/wp-content/uploads/2011/10/Random-Pictures-of-Conceptual-and-Creative-Ideas-02.jpg,http://www.thedesignwork.com/wp-content/uploads/2011/10/Random-Pictures-of-Conceptual-and-Creative-Ideas-02.jpg,http://www.thedesignwork.com/wp-content/uploads/2011/10/Random-Pictures-of-Conceptual-and-Creative-Ideas-02.jpg,http://www.thedesignwork.com/wp-content/uploads/2011/10/Random-Pictures-of-Conceptual-and-Creative-Ideas-02.jpg
011,http://www.thedesignwork.com/wp-content/uploads/2011/10/Random-Pictures-of-Conceptual-and-Creative-Ideas-02.jpg,http://www.thedesignwork.com/wp-content/uploads/2011/10/Random-Pictures-of-Conceptual-and-Creative-Ideas-02.jpg,http://www.thedesignwork.com/wp-content/uploads/2011/10/Random-Pictures-of-Conceptual-and-Creative-Ideas-02.jpg,http://www.thedesignwork.com/wp-content/uploads/2011/10/Random-Pictures-of-Conceptual-and-Creative-Ideas-02.jpg,http://www.thedesignwork.com/wp-content/uploads/2011/10/Random-Pictures-of-Conceptual-and-Creative-Ideas-02.jpg,http://www.thedesignwork.com/wp-content/uploads/2011/10/Random-Pictures-of-Conceptual-and-Creative-Ideas-02.jpg
012,http://www.thedesignwork.com/wp-content/uploads/2011/10/Random-Pictures-of-Conceptual-and-Creative-Ideas-02.jpg,http://www.thedesignwork.com/wp-content/uploads/2011/10/Random-Pictures-of-Conceptual-and-Creative-Ideas-02.jpg,http://www.thedesignwork.com/wp-content/uploads/2011/10/Random-Pictures-of-Conceptual-and-Creative-Ideas-02.jpg,http://www.thedesignwork.com/wp-content/uploads/2011/10/Random-Pictures-of-Conceptual-and-Creative-Ideas-02.jpg,http://www.thedesignwork.com/wp-content/uploads/2011/10/Random-Pictures-of-Conceptual-and-Creative-Ideas-02.jpg,http://www.thedesignwork.com/wp-content/uploads/2011/10/Random-Pictures-of-Conceptual-and-Creative-Ideas-02.jpg
